{"cameraMode":{"drawMode":0,"name":"Shaded","section":"Shading Mode"},"sceneLighting":true,"audioPlay":false,"sceneViewState":{"showFog":true,"showMaterialUpdate":false,"showSkybox":true,"showFlares":true,"showImageEffects":true,"showParticleSystems":true},"in2DMode":false,"pivot":{"x":-18.11907196044922,"y":-13.385015487670899,"z":-1.9739742279052735},"rotation":{"x":-0.24661530554294587,"y":0.6279001235961914,"z":-0.21971242129802705,"w":-0.7047438621520996},"size":35.06009292602539,"orthographic":false}