{"cameraMode":{"drawMode":0,"name":"Shaded","section":"Shading Mode"},"sceneLighting":true,"audioPlay":false,"sceneViewState":{"showFog":true,"showMaterialUpdate":false,"showSkybox":true,"showFlares":true,"showImageEffects":true,"showParticleSystems":true},"in2DMode":false,"pivot":{"x":1.6368365287780762,"y":-3.7587780952453615,"z":-4.918928146362305},"rotation":{"x":0.19928394258022309,"y":0.8007264733314514,"z":-0.39811578392982485,"w":0.40082964301109316},"size":58.09059143066406,"orthographic":false}