{"cameraMode":{"drawMode":0,"name":"Shaded","section":"Shading Mode"},"sceneLighting":true,"audioPlay":false,"sceneViewState":{"showFog":true,"showMaterialUpdate":false,"showSkybox":true,"showFlares":true,"showImageEffects":true,"showParticleSystems":true},"in2DMode":false,"pivot":{"x":-3.180170774459839,"y":-7.20857572555542,"z":4.366486549377441},"rotation":{"x":-0.28899747133255007,"y":0.6181443929672241,"z":-0.26172199845314028,"w":-0.6825842261314392},"size":37.361576080322269,"orthographic":false}